/*
	Courses
*/
DELETE FROM course; -- clear table
INSERT INTO course
(_id, _name) 
VALUES
(1, "[FSE] Fundamentals of Software Engineering"),
(2, "[OS] Operating Systems"),
(3, "[P1] Physics I (Mechanics)"),
(4, "[PS] Probability and Statistics"),
(5, "[DE] Differential Equations");


/*
	Users
*/
DELETE FROM user; -- clear table
INSERT INTO user
(_id, _email) 
VALUES
(1, 'iv.izmailov@innopolis.university'), -- student, can access to all courses
(2, 'iv.izmailov@innopolis.university1'), -- student, can access only to [OS] and [PS]
(3, 'iv.izmailov@innopolis.university2'), -- student, can access only to [OS] and [P1]
(4, 'iv.izmailov@innopolis.university3'), -- professor, can access to all courses
(5, 'iv.izmailov@innopolis.university4'), -- professor, can access only to [P1] and [PS]
(6, 'iv.izmailov@innopolis.university5'), -- professor, don't have any access
(7, 'iv.izmailov@innopolis.university6'); -- DoE, have access to anything


/*
	User_to_course_map
    
    Permissions are still the same:
    STUDENT   =  3 #0011
    DOE       =  5 #0101
    PROFESSOR = 13 #1101
*/
DELETE FROM user_to_course_map; -- clear table
INSERT INTO user_to_course_map
(_user_id, _course_id, _permission) 
VALUES
(1, 1, 3),
(1, 2, 3),
(1, 3, 3),
(1, 4, 3),
(1, 5, 3),
(2, 2, 3),
(2, 4, 3),
(3, 2, 3),
(3, 3, 3),
(4, 1, 13),
(4, 2, 13),
(4, 3, 13),
(4, 4, 13),
(4, 5, 13),
(5, 3, 13),
(5, 4, 13),
(7, 1, 5),
(7, 2, 5),
(7, 3, 5),
(7, 4, 5),
(7, 5, 5);


/*
	Forms
*/
DELETE FROM form; -- clear table
INSERT INTO form
(_id, _course_id, _name, _post_time, _deadline, _data) 
VALUES
(1, 1, "Peer Evaluation", "2020-10-25 00:00:00", "2020-12-30 00:00:00", x'5b7b2274797065223a2022526164696f4669656c64222c20226e616d65223a20227175657374696f6e5f30222c2022706172616d73223a207b226c6162656c223a2022486f77206d616e792070656f706c652061726520696e20796f7572207465616d222c202263686f69636573223a205b2234222c202235225d7d2c202276616c696461746f7273223a205b7b2274797065223a2022446174615265717569726564227d5d7d2c207b2274797065223a2022526164696f4669656c64222c20226e616d65223a20227175657374696f6e5f31222c2022706172616d73223a207b226c6162656c223a2022486f7720676f6f64204976616e204976616e6f7620776f726b65643f222c202263686f69636573223a205b2231222c202232222c202233222c202234222c202235222c202236222c202237222c202238222c202239222c20223130225d7d2c202276616c696461746f7273223a205b7b2274797065223a2022446174615265717569726564227d5d7d2c207b2274797065223a2022537472696e674669656c64222c20226e616d65223a20227175657374696f6e5f32222c2022706172616d73223a207b226c6162656c223a2022416e7920636f6d6d656e74732f73756767657374696f6e733f227d7d5d'),
(2, 2, "Lecture Feedback", "2020-11-01 00:00:00", "2020-11-05 00:00:00", x'5b7b2274797065223a2022526164696f4669656c64222c20226e616d65223a20227175657374696f6e5f30222c2022706172616d73223a207b226c6162656c223a2022506c656173652c2061737365737320746865207175616c697479206f6620746865206c656374757265222c202263686f69636573223a205b2231222c202232222c202233222c202234222c202235225d7d2c202276616c696461746f7273223a205b7b2274797065223a2022446174615265717569726564227d5d7d2c207b2274797065223a2022537472696e674669656c64222c20226e616d65223a20227175657374696f6e5f32222c2022706172616d73223a207b226c6162656c223a2022416e792073756767657374696f6e733f227d7d5d'),
(3, 2, "Future Lecture Format", "2020-11-01 00:00:00", "2020-11-30 00:00:00", x'5b7b2274797065223a2022526164696f4669656c64222c20226e616d65223a20227175657374696f6e5f30222c2022706172616d73223a207b226c6162656c223a2022496e20776869636820666f726d617420646f20796f752070726566657220746865206c6563747572653f222c202263686f69636573223a205b225072657265636f7264656420766964656f222c20224c6976652053657373696f6e222c202250726573656e746174696f6e222c20224b61686f6f7473222c202250726163746963756d225d7d2c202276616c696461746f7273223a205b7b2274797065223a2022446174615265717569726564227d5d7d5d'),
(4, 3, "Did you like last lecture?", "2020-11-01 00:00:00", "2020-11-05 00:00:00", x'5b7b2274797065223a2022526164696f4669656c64222c20226e616d65223a20227175657374696f6e5f30222c2022706172616d73223a207b226c6162656c223a202244696420796f75206c696b652074686520636f6e74656e74207468617420776173206f6e206c617374206c6563747572653f222c202263686f69636573223a205b22596573222c20224e6f222c202249207761736e2774206f6e2074686973206c656374757265225d7d2c202276616c696461746f7273223a205b7b2274797065223a2022446174615265717569726564227d5d7d2c207b2274797065223a2022526164696f4669656c64222c20226e616d65223a20227175657374696f6e5f30222c2022706172616d73223a207b226c6162656c223a2022576f756c6420796f75206c696b6520746f2068617665206d6f7265206c65637475726573206c696b65207468697320696e206675747572653f222c202263686f69636573223a205b22596573222c20224e6f225d7d2c202276616c696461746f7273223a205b7b2274797065223a2022446174615265717569726564227d5d7d5d'),
(5, 4, "Quiz Reschedule", "2020-11-01 00:00:00", "2020-12-30 00:00:00", x'5b7b2274797065223a2022526164696f4669656c64222c20226e616d65223a20227175657374696f6e5f30222c2022706172616d73223a207b226c6162656c223a2022556e666f7274756e6174656c792c207765206861766520746f20706f7374706f6e6520746865206e657874207175697a2e205768656e20697420697320636f6d666f727461626c6520666f7220796f753f222c202263686f69636573223a205b224d6f6e64617920393a303020414d222c202253756e64617920383a303020504d222c2022446f75626c65205175697a206f6e206e657874206c656374757265222c20224e6f207175697a20617420616c6c225d7d2c202276616c696461746f7273223a205b7b2274797065223a2022446174615265717569726564227d5d7d5d'),
(6, 5, "Tutorial Feedback", "2020-11-01 00:00:00", "2020-11-05 00:00:00", x'5b7b2274797065223a2022526164696f4669656c64222c20226e616d65223a20227175657374696f6e5f30222c2022706172616d73223a207b226c6162656c223a2022506c656173652c2061737365737320746865207175616c697479206f6620746865207475746f7269616c222c202263686f69636573223a205b2231222c202232222c202233222c202234222c202235222c202236222c202237222c202238222c202239222c20223130225d7d2c202276616c696461746f7273223a205b7b2274797065223a2022446174615265717569726564227d5d7d2c207b2274797065223a2022537472696e674669656c64222c20226e616d65223a20227175657374696f6e5f32222c2022706172616d73223a207b226c6162656c223a2022416e792073756767657374696f6e733f227d7d5d');


/*
	Feedbacks
*/
DELETE FROM feedback; -- clear table
INSERT INTO feedback
(_id, _form_id, _data) 
VALUES
(1, 1,  x'5b2234222c202236222c202242657474657220636f64652e225d'),
(2, 1,  x'5b2235222c20223130222c2022446964206f75747374616e64696e67206a6f622e225d'),
(3, 2,  x'5b2234222c20224e696365206c656374757265225d'),
(4, 2,  x'5b2235222c2022496e746572657374696e67225d'),
(5, 2,  x'5b2232222c2022446964206e6f7420756e6465727374616e6420616e797468696e67225d'),
(6, 3,  x'5b225072657265636f7264656420766964656f225d'),
(7, 3,  x'5b225072657265636f7264656420766964656f225d'),
(8, 3,  x'5b2250726573656e746174696f6e225d'),
(9, 3,  x'5b224b61686f6f7473225d'),
(10, 4, x'5b22596573222c2022596573225d'),
(11, 4, x'5b22596573222c20224e6f225d'),
(12, 4, x'5b224e6f222c20224e6f225d'),
(13, 4, x'5b224920776173206e6f74206f6e2074686973206c656374757265222c20224e6f225d'),
(14, 5, x'5b224d6f6e64617920393a303020414d225d'),
(15, 5, x'5b2253756e64617920383a303020504d225d'),
(16, 6, x'5b2237222c2022225d');


/*
	Filled_form_map
*/
DELETE FROM filled_form_map; -- clear table
INSERT INTO filled_form_map
(_user_id, _form_id) 
VALUES
(1, 1),
(1, 2),
(1, 3),
(1, 4),
(1, 6),
(2, 2),
(2, 3),
(2, 5),
(3, 2),
(3, 3),
(3, 4),
(4, 4),
(7, 1),
(7, 3),
(7, 4),
(7, 5);
